"","study_name","id","lambda.best","alpha.best","eta.best","delta.best"
"1","Canessa2013","1",1.0605,0.13224,2.9027e+13,NA
"2","Chib2014","1",2.3314017773509,0.69313235860124,3.89481609174398,NA
"3","Frydman2014","1",1.8323478710802,0.722514484214364,6.81183861293457,NA
"4","Gloeckner2012","1",0.76137,0.70174,0.015653,0.6779
"5","Kocher2011","1",4.0858,0.019011,0.17955,0.70707
"6","Lorains2014","1",2.0858,12.293,3.2235,NA
"7","Pighin2014","1",1.1254,0.6228,9.39,NA
"8","Rieskamp2008","1",2.46079201434985,0.813496848556981,0.145026273481025,1.27202150018415
"9","Sokol_Hessner2014","1",2.0555,0.64476,-1.2466,NA
"10","Tom2007","1",1.0693,1.4965,0.33932,NA
"11","Vrecko2012","1",0.11483,1.0922,7.2925,0.88894
"12","Zeisberger2012","1",0.823324907,0.820513114,4.667092065,0.642810754
"13","Canessa2013","10",1.36814578504233,0.677393302423012,0.824290333641407,NA
"14","Chib2014","10",4.7921,1.8115,0.43819,NA
"15","Frydman2014","10",0.93901,1.0955,5.1477,NA
"16","Gloeckner2012","10",1.8446,0.6419,0.018022,0.67965
"17","Kocher2011","10",2.8844,0.39646,-0.1717,0.85193
"18","Lorains2014","10",9.8637,2.3527,12.852,NA
"19","Pahlke2012","10",0.975774784694714,1.00601642449843,2.49094210102969,0.808912351282502
"20","Pighin2014","10",0.74867,1.0403,0.41996,NA
"21","Rieskamp2008","10",1.0724,0.8612,0.13206,0.89894
"22","Sokol_Hessner2014","10",1.2248,1.5305,1.1077,NA
"23","Tom2007","10",2.38663899337713,3.9006001050893,0.31300167641734,NA
"24","Vrecko2012","10",0.787805056,0.805331626,6.064311058,0.653648296
"25","Zeisberger2012","10",1.0311,0.95433,2.2132,1.0065
"26","Sokol_Hessner2013A","100",1.5154,1.3491,1.6075,NA
"27","Sokol_Hessner2013R","100",2.4539,2.9708,0.52423,NA
"28","Vrecko2012","100",1.615,0.82724,3.0329,1.0165
"29","Sokol_Hessner2013A","101",1.7875,1.0329,3.4955,NA
"30","Sokol_Hessner2013R","101",0.99657,1.113,2.259,NA
"31","Vrecko2012","101",0.44796,1.0933,1.1614,1.3087
"32","Sokol_Hessner2013A","102",1.0847,0.9249,3.9905,NA
"33","Sokol_Hessner2013R","102",1.11028248561618,0.96304484190763,5.18897845306543,NA
"34","Vrecko2012","102",0.6319,1.0075,5.075,0.57599
"35","Sokol_Hessner2013A","103",2.47618209505577,0.869887277502875,0.934493183746156,NA
"36","Sokol_Hessner2013R","103",1.7293,0.88683,1.4717,NA
"37","Vrecko2012","103",0.197441605,1.60974128,7.525055537,0.458753558
"38","Sokol_Hessner2013A","104",2.5884,0.76301,1.3854,NA
"39","Sokol_Hessner2013R","104",2.35590833894385,1.09104331192381,0.745938898277408,NA
"40","Vrecko2012","104",0.94212,0.97911,3.5399,1.0667
"41","Sokol_Hessner2013A","105",0.94666,0.9127,3.9769,NA
"42","Sokol_Hessner2013R","105",0.93055,0.90187,2.9982,NA
"43","Vrecko2012","105",0.38962,1.1167,3.5217,0.78015
"44","Sokol_Hessner2013A","106",1.38833497268737,0.743771629488477,3.22780160301272,NA
"45","Sokol_Hessner2013R","106",1.27416860350099,0.737496762866012,5.36503606597689,NA
"46","Vrecko2012","106",226.2199473,4.938830001,7.308478787,5.750205343
"47","Sokol_Hessner2013A","107",0.609328459298297,1.05402646496171,1.04122274162345,NA
"48","Sokol_Hessner2013R","107",0.40094,1.1277,0.81208,NA
"49","Vrecko2012","107",0.704153708,1.173656898,4.835657841,0.585592379
"50","Sokol_Hessner2013A","108",0.88762795882644,1.52197880728558,2.41525451662887,NA
"51","Sokol_Hessner2013R","108",1.01068303976838,0.750795947384642,5.29270620736579,NA
"52","Vrecko2012","108",3.2343,1.2509,2.4243,0.65067
"53","Vrecko2012","109",0.95214251,0.883972871,1.868851409,0.831597726
"54","Canessa2013","11",0.79073,1.7554,0.099586,NA
"55","Chib2014","11",2.02968527094136,0.684463139322313,3.3784128294858,NA
"56","Frydman2014","11",0.94813,1.189,1.2191,NA
"57","Gloeckner2012","11",0.57727,0.56044,0.0094116,0.84416
"58","Kocher2011","11",-6.6016e-27,22.556,4.9196,0.159
"59","Lorains2014","11",1.1353,0.66622,2.3524,NA
"60","Pighin2014","11",1.9008,0.0031428,3.28e+199,NA
"61","Rieskamp2008","11",1.2236,0.8927,0.17552,1.0798
"62","Sokol_Hessner2014","11",4.3018,10.927,0.15992,NA
"63","Tom2007","11",1.08701143767709,2.09671289092549,0.53218994775283,NA
"64","Vrecko2012","11",2.4924e-12,0.68345,3.3508,0.63629
"65","Zeisberger2012","11",162175.7839,10.92216865,3.488574602,11.84426713
"66","Sokol_Hessner2013A","110",0.998569784244265,0.904999367636252,2.21631551078132,NA
"67","Sokol_Hessner2013R","110",1.05857943290509,0.882303479457504,2.08280324670859,NA
"68","Vrecko2012","110",-1.1803e-26,2.2768,9.2781,0.70667
"69","Vrecko2012","111",0.33675,0.86377,4.2814,0.53233
"70","Vrecko2012","112",0.31536,1.3673,4.2815,0.79641
"71","Vrecko2012","113",1,1,6.9405e-15,1
"72","Vrecko2012","114",5.8842e-06,10.962,8.4963,0.068294
"73","Vrecko2012","115",0.13469,0.99053,4.2287,0.4677
"74","Vrecko2012","116",1,1,6.9405e-15,1
"75","Vrecko2012","117",0.50419,0.84832,3.8144,0.56302
"76","Vrecko2012","118",0.77597,0.82947,2.8006,0.89685
"77","Vrecko2012","119",6.161816097,1.820408432,9.219906425,0.608342249
"78","Canessa2013","12",1.017,0.34722,2683.2,NA
"79","Chib2014","12",2.20581729537826,0.577855223831703,5.634692074919,NA
"80","Frydman2014","12",1.44,3.0906,0.91843,NA
"81","Gloeckner2012","12",35.527,0.64659,0.014222,0.71378
"82","Kocher2011","12",164238.945757847,1.08615571783029,-0.214536698667994,0.403846857475566
"83","Lorains2014","12",1.00000001251788,6.34462012645658,0.854239130219332,NA
"84","Pahlke2012","12",1.28664779395061,0.751264053940922,2.82580447823101,0.832686427342168
"85","Pighin2014","12",1.0118,0.0092362,6.14e+307,NA
"86","Rieskamp2008","12",0.0387964584141499,1.23837466705172,0.0338667458777008,0.903474929183884
"87","Sokol_Hessner2014","12",0.5594,0.83861,0.71499,NA
"88","Tom2007","12",1,3.8238e-06,4681700,NA
"89","Vrecko2012","12",3.3833e-09,7.8492,3.55,0.07114
"90","Zeisberger2012","12",0.76748,0.94764,3.0001,0.92331
"91","Vrecko2012","120",0.381777192,0.978319824,4.997183051,0.719624251
"92","Vrecko2012","121",2.9805e-13,11.607,9.4264,0.12569
"93","Vrecko2012","122",1.0153,0.81412,1.1799,0.84373
"94","Vrecko2012","123",0.62775,0.92035,3.0446,0.86115
"95","Vrecko2012","124",1,0.94081,3.8199,0.89175
"96","Vrecko2012","125",0.75423,0.70446,3.8159,0.66029
"97","Vrecko2012","126",0.99572,1.1194,2.8187,0.59553
"98","Vrecko2012","127",0.194391732,0.844786697,5.141438045,0.684085789
"99","Vrecko2012","128",2.1346,1.3084,3.6267,0.2953
"100","Vrecko2012","129",1.762479262,1.204245649,6.087430254,0.541235388
"101","Canessa2013","13",0.995420498971591,0.523090569325848,2.73142452917629,NA
"102","Chib2014","13",1.347,1.1658,1.5212,NA
"103","Frydman2014","13",5.0984,12.199,0.38923,NA
"104","Gloeckner2012","13",4.0377,0.16293,0.0075343,1.0904
"105","Kocher2011","13",36.7335649690067,2.2567170825318,-0.0277235239132111,0.248973885807947
"106","Lorains2014","13",0.46571,10.947,3.4757,NA
"107","Pighin2014","13",2.5707,0.39131,45.412,NA
"108","Rieskamp2008","13",0.97571,0.78746,0.19864,0.72593
"109","Sokol_Hessner2014","13",0.34215,1.0211,0.50986,NA
"110","Tom2007","13",1,2.3684e-06,5403900,NA
"111","Vrecko2012","13",0.29151,1.2317,5.0974,0.51643
"112","Zeisberger2012","13",1.2049,0.9658,1.9425,0.92377
"113","Vrecko2012","130",0.93465,1.0407,1.7607,0.72397
"114","Vrecko2012","131",2.2373e-08,16.034,5.8358,0.073246
"115","Vrecko2012","132",0.98386,0.92209,3.2248,0.79128
"116","Vrecko2012","133",0.44051,1.1212,4.2659,0.90101
"117","Vrecko2012","134",0.069198,1.0748,7.9794,0.46411
"118","Vrecko2012","135",0.86234,3.0473,7.8931,0.19004
"119","Vrecko2012","136",0.98794,1.0003,3.006,0.82228
"120","Vrecko2012","137",0.478340646,1.116662932,5.250121862,0.815304185
"121","Vrecko2012","138",1.8234,0.79997,5.0733,0.67993
"122","Vrecko2012","139",2.4017,1.221,6.6027,0.87135
"123","Canessa2013","14",1.1185,0.57149,7.7664,NA
"124","Chib2014","14",1.42,0.65168,6.5929,NA
"125","Frydman2014","14",0.23084,12.447,0.4079,NA
"126","Gloeckner2012","14",0.99673,0.77963,0.010885,0.81857
"127","Kocher2011","14",2.5567,0.25423,0.034523,0.91536
"128","Lorains2014","14",16.309,2.7888,9.3053,NA
"129","Pighin2014","14",2.17045315602513,1.03531092145622,0.782588661260008,NA
"130","Rieskamp2008","14",2.17033160274564,3.35800262804243,-0.00981194308965673,0.572810930979335
"131","Sokol_Hessner2014","14",0.584995360032298,1.28672114829262,0.630001172352604,NA
"132","Tom2007","14",2.01322182243331,0.811658400489765,1.19517649799495,NA
"133","Vrecko2012","14",1.130164994,0.761755616,3.635381778,0.581921414
"134","Zeisberger2012","14",0.77975,0.93369,2.8715,0.79334
"135","Vrecko2012","140",1.0543,0.97118,0.86618,1.0686
"136","Vrecko2012","141",0.44099,1.026,3.6553,0.87575
"137","Vrecko2012","142",49.8061107,3.622003454,5.909024712,0.408008665
"138","Vrecko2012","143",1,1,6.9405e-15,1
"139","Brooks2014","143465",2.79834665565942,1.49820049800626,0.955936038077447,NA
"140","Brooks2014","143492",1.60009803573771,0.768444991392167,-2.1745773912133,NA
"141","Brooks2014","143518",2.0542,2.6352,0.10443,NA
"142","Brooks2014","143560",6.3452,0.89481,2.1189,NA
"143","Brooks2014","143563",1.1939181989856,2.20300820834583,0.410679869088171,NA
"144","Brooks2014","143591",0.99949890443431,1.00272146220927,156.56393116474,NA
"145","Brooks2014","143603",1.11532631581011,2.09051128107896,0.917907885190261,NA
"146","Brooks2014","143605",2.31443045317206,1.68955142057455,-0.801529769643651,NA
"147","Brooks2014","143608",2.5751,0.65749,0.5389,NA
"148","Brooks2014","143627",2.58e+12,1.0952,1.1327,NA
"149","Brooks2014","143629",-1.5e+15,13.335,0.10475,NA
"150","Brooks2014","143630",3.93880386194893,0.949170200762598,-2.57947617779525,NA
"151","Brooks2014","143758",1.09142692800842,0.280903507458498,-0.623834020198228,NA
"152","Brooks2014","143761",4.90054971706641,0.768880299500226,-2.10907034439996,NA
"153","Brooks2014","143791",2.79117027922468,1.02407075999363,1.1200006176653,NA
"154","Brooks2014","143793",1.85714594168279,1.01395159679193,6.95354252776382,NA
"155","Brooks2014","143812",2.91663362637075,1.0773627417936,2.68284740972361,NA
"156","Brooks2014","143819",1.823,1.0645,2.3997,NA
"157","Brooks2014","143851",0.885595992004305,0.0498398363167673,-4.15705769458705,NA
"158","Brooks2014","143899",3.1605,1.2057,3.2842,NA
"159","Zank2010","143906",393296.869893662,1.13713460266504,4.3400629093038,0.903625354154442
"160","Zank2010","143984",443034.431935132,0.945433928443744,-6.73045728732408,1.08196665762006
"161","Zank2010","143986",3.45e+13,1.4105,3.053,0.56755
"162","Zank2010","143987",-853.11,162.25,-0.67967,803.32
"163","Zank2010","143994",-1.5383,3.8802,1.8105,1.5732
"164","Zank2010","143995",2.8164867679023,0.924392414748189,4.96557941226459,1.14703466149343
"165","Vrecko2012","144",-3.6832e-27,2.3126,8.7686,0.74369
"166","Zank2010","144005",1,66.477,0.32934,0.019451
"167","Zank2010","144011",1032923.82772487,0.881465993163275,7.65387045035227,1.07580759083516
"168","Zank2010","144012",0.645390192720532,3.28445230376549,2.88477225398429,1.68305400314838
"169","Pahlke2012","145",356634.05944852,0.858227921619314,1.75446388313705,0.562943150347692
"170","Vrecko2012","145",0.593775072,1.221157706,2.376125513,0.635061914
"171","Pahlke2012","146",3.32384205953263,1.24820484512327,0.620463122112899,0.446309473574544
"172","Vrecko2012","146",0.372949622,1.171205668,2.971645297,0.83682558
"173","Pahlke2012","147",329043.687119132,0.792293437938335,0.855475729783592,0.60305399329004
"174","Vrecko2012","147",0.85234,0.83743,2.4805,0.85026
"175","Brooks2014","147183",2.655773382528,0.846388595827911,-4.02017914331022,NA
"176","Pahlke2012","148",3.1899,1.0954,1.334,NA
"177","Vrecko2012","148",1.0433,0.98232,0.74079,0.9462
"178","Vrecko2012","149",0.627396912,0.801350125,3.322881414,0.752078648
"179","Brooks2014","149095",2.03598718800395,0.998064521931282,-1.91355894216929,NA
"180","Zank2010","149422",0.937293398335124,7.05042665509819,0.969030702148445,1.79910177951341
"181","Brooks2014","149753",1.00040750274589,8.55557989739659,0.418691449820234,NA
"182","Canessa2013","15",1.39484734476403,2.35649148345951,0.0688218456571214,NA
"183","Chib2014","15",2.34632061807419,0.691140776206987,2.03887330839391,NA
"184","Frydman2014","15",0.20926,74.904,46.422,NA
"185","Gloeckner2012","15",4.5448e-09,0.36348,0.0096184,0.8665
"186","Kocher2011","15",-0.35199,1.4024,1.4313,0.67607
"187","Lorains2014","15",1953138104321263,21.0591715502219,-0.0275046524447377,NA
"188","Rieskamp2008","15",2.1520483432107,0.594805672676264,0.175600177434997,1.23525773250096
"189","Sokol_Hessner2014","15",1.3421,0.24204,2270900,NA
"190","Tom2007","15",1,3.6219e-06,2200100,NA
"191","Vrecko2012","15",0.89747,0.89723,3.924,0.35607
"192","Zeisberger2012","15",0.39023,0.74762,4.4839,0.59434
"193","Pahlke2012","150",1.1498,0.99996,7.7383,NA
"194","Vrecko2012","150",0.56469,0.83018,2.1458,0.73698
"195","Vrecko2012","151",2.133098541,1.035635026,6.313559091,0.508066327
"196","Vrecko2012","152",3.0631e+86,141.56,14.653,0.0099223
"197","Vrecko2012","153",1.08e-07,0.987362205,8.909898168,0.64075947
"198","Pahlke2012","154",1.22823192300044,1.03344208134638,2.57361388648441,0.999804134096634
"199","Vrecko2012","154",1.2648,1.0161,3.6005,0.71981
"200","Vrecko2012","155",0.53643433,0.780723082,3.012296593,0.552485808
"201","Vrecko2012","156",1.0526,0.96049,2.2444,0.88904
"202","Pahlke2012","157",6.20082565442827,1.54930012639561,0.421234137588498,0.309083827720793
"203","Vrecko2012","157",0.87859,0.71382,10.057,0.61944
"204","Zank2010","157594",12.3758403825532,5.59172423777514,1.31401461986345,2.79283065932873
"205","Zank2010","157974",-3.9122,0.061762,0.59453,1.2084
"206","Pahlke2012","158",189065.221855684,1.00726971178601,1.80121587148334,0.686392889491602
"207","Vrecko2012","158",0.77994,1.0666,2.8031,0.99339
"208","Pahlke2012","159",33.8601231927158,0.162168597141774,0.111689128196296,0.999924587613651
"209","Sokol_Hessner2013A","159",1.09028745729338,0.732444115978502,2.73873133393451,NA
"210","Sokol_Hessner2013R","159",1.07370005169399,0.718685945628592,2.65943875481438,NA
"211","Vrecko2012","159",0.877787798,1.088439441,6.459777211,0.510493699
"212","Canessa2013","16",28.869,265.13,0.69412,NA
"213","Chib2014","16",0.77831,0.65783,2.381,NA
"214","Frydman2014","16",1.00000000000273,8.1400635637569,0.31077774811891,NA
"215","Gloeckner2012","16",2.4494,0.97612,0.013681,0.55203
"216","Kocher2011","16",-3903784.11772423,11.2876025099239,-0.213059570680992,2.87233550174376
"217","Lorains2014","16",1.0238,0.026278,2.7866e+98,NA
"218","Pighin2014","16",2.354,0.79505,2.103,NA
"219","Rieskamp2008","16",5.34586960250145e+24,137.059332648765,-0.00999554617755809,32.6364973209984
"220","Sokol_Hessner2014","16",0.90567,1.2853,1.9727,NA
"221","Tom2007","16",1.83663227953335,0.904462166852865,1.59643652574662,NA
"222","Vrecko2012","16",0.65114,0.72714,4.8016,0.62255
"223","Zeisberger2012","16",0.61352,0.84694,4.9428,0.68298
"224","Vrecko2012","160",123.0625125,4.614102426,6.553063896,0.318591531
"225","Pahlke2012","161",220260.170705484,0.94322867029362,0.830311631414137,0.531012382382041
"226","Sokol_Hessner2013A","161",2.05609480782843,0.535452093772476,37.6427881159437,NA
"227","Sokol_Hessner2013R","161",1.21989676967247,0.644126226739646,7.96813723766601,NA
"228","Vrecko2012","161",1,1,6.9405e-15,1
"229","Pahlke2012","162",3.34926317468595,2.27545734710091e-08,0.294594410016857,0.459261555108272
"230","Vrecko2012","162",-7.1398e-24,1.0113,5.1022,0.68758
"231","Sokol_Hessner2013A","163",1.0342,0.69123,8.0922,NA
"232","Sokol_Hessner2013R","163",1.13452158604946,0.689515449864792,8.11648116822911,NA
"233","Vrecko2012","163",0.517961793,1.015153938,3.900890504,0.793467863
"234","Pahlke2012","164",1.10689768805708,1.01418880292411,14.2166096400457,1.1767290742389
"235","Sokol_Hessner2013A","164",1.99142996953282,1.17174669900451,1.20316189478782,NA
"236","Sokol_Hessner2013R","164",1.77489964693955,0.885049426600401,1.96970526857005,NA
"237","Vrecko2012","164",1.1171,0.99255,1.3731,0.97265
"238","Sokol_Hessner2013A","165",1.2485,0.9348,4.4477,NA
"239","Sokol_Hessner2013R","165",0.816713691455526,1.35971496742393,1.43180954880873,NA
"240","Vrecko2012","165",0.145788237,1.108578673,7.20264227,0.670515848
"241","Sokol_Hessner2013A","166",13.377,0.88294,1.2685,NA
"242","Sokol_Hessner2013R","166",9.6496,0.84894,1.137,NA
"243","Vrecko2012","166",109.9664216,4.45895578,6.075295517,0.185970869
"244","Sokol_Hessner2013A","167",2.6501,1.3054,0.74964,NA
"245","Sokol_Hessner2013R","167",2.5993,1.4112,1.4355,NA
"246","Vrecko2012","167",0.346210609,0.986996706,3.510989756,1.033142405
"247","Sokol_Hessner2013A","168",6.3436,0.7521,0.35896,NA
"248","Sokol_Hessner2013R","168",3.801,0.76808,0.43217,NA
"249","Vrecko2012","168",0.299335372,1.319816202,5.40647185,0.88038481
"250","Sokol_Hessner2013A","169",0.742696522571603,0.962347673046787,1.8850022494297,NA
"251","Sokol_Hessner2013R","169",0.638939530146253,1.02563312817589,1.30700570607426,NA
"252","Vrecko2012","169",1,1.0093,2.5057,0.95601
"253","Canessa2013","17",1840.8,164.91,0.064553,NA
"254","Chib2014","17",1.8939,0.91256,1.6237,NA
"255","Frydman2014","17",16.7016861849212,1.90993961631557,3.76117510768282,NA
"256","Gloeckner2012","17",3.5812e-07,0.25027,0.0079246,0.847
"257","Kocher2011","17",3.2413,0.27515,-0.047698,0.90704
"258","Lorains2014","17",33.315,2.6784,0.31678,NA
"259","Pighin2014","17",1.0332,2.9728,0.13362,NA
"260","Rieskamp2008","17",0.43431,1.134,0.11648,0.91695
"261","Sokol_Hessner2014","17",1982175.74783769,0.913701960963089,1.56355349624061,NA
"262","Vrecko2012","17",0.41959,1.3816,2.9441,0.75955
"263","Zeisberger2012","17",1.318291348,1.151902062,2.871865125,0.750327151
"264","Vrecko2012","170",1.131445967,1.117095503,2.33686439,0.675147322
"265","Vrecko2012","171",10.587,2.057,5.9355,0.53683
"266","Sokol_Hessner2013A","172",0.43593,1.1975,2.4232,NA
"267","Sokol_Hessner2013R","172",0.49984,1.0138,5.205,NA
"268","Vrecko2012","172",0.62040534,1.056226118,5.258641262,0.459132419
"269","Vrecko2012","173",0.40099,0.93623,5.7938,0.60565
"270","Sokol_Hessner2013A","174",1.89471371500377,0.795736195130629,2.47648436250595,NA
"271","Sokol_Hessner2013R","174",0.52259,2.8839,0.25194,NA
"272","Vrecko2012","174",1.193973229,0.718856505,3.114750238,0.619684917
"273","Sokol_Hessner2013A","175",2.5984,1.2344,1.0697,NA
"274","Sokol_Hessner2013R","175",5.352e+43,200.29,0.2011,NA
"275","Vrecko2012","175",0.88503,1.2896,2.7522,0.53668
"276","Sokol_Hessner2013A","176",8.0589,0.73417,1.8766,NA
"277","Sokol_Hessner2013R","176",2.2518,0.68602,3.0563,NA
"278","Vrecko2012","176",0.4978,1.0214,3.0817,0.93702
"279","Sokol_Hessner2013A","177",1.42054913403256,1.38656741553021,1.03063935163091,NA
"280","Sokol_Hessner2013R","177",1.24244149256905,1.12644972474783,1.18646977909214,NA
"281","Vrecko2012","177",0.0059819,2.0841,9.9654,0.59032
"282","Sokol_Hessner2013A","178",1.5871,1.0246,1.3897,NA
"283","Sokol_Hessner2013R","178",1.226,0.91793,1.0664,NA
"284","Vrecko2012","178",1.0543,0.84322,0.96028,0.77395
"285","Vrecko2012","179",0.734775976,0.879299969,4.802898955,0.634283743
"286","Canessa2013","18",4.7506,1.4753,0.11093,NA
"287","Chib2014","18",2.074,0.55927,4.1712,NA
"288","Frydman2014","18",1.2004,0.8256,2.2708,NA
"289","Gloeckner2012","18",0.95855,1.4651,0.020746,1.8426
"290","Kocher2011","18",2.9094,0.0035426,0.10712,0.70311
"291","Lorains2014","18",1.8329,0.78465,2.494,NA
"292","Pahlke2012","18",675838.065039996,0.983929420288599,1.02885364015352,0.728513073961969
"293","Pighin2014","18",2.02828331905978,0.695238095873807,1.15481736182387,NA
"294","Rieskamp2008","18",0.63689,0.74021,0.12636,0.85924
"295","Sokol_Hessner2014","18",0.82456129342493,0.874067362380144,2.05741015752753,NA
"296","Vrecko2012","18",0.823657576,1.048586456,4.6008495,1.331497175
"297","Zeisberger2012","18",0.9144,0.89807,1.6452,0.87026
"298","Sokol_Hessner2013A","180",1.34446679395763,0.909397920926481,5.25227242092112,NA
"299","Sokol_Hessner2013R","180",1.121,0.94683,3.5637,NA
"300","Vrecko2012","180",0.800922142,1.567330005,6.940763175,0.488452189
"301","Sokol_Hessner2013A","181",4.09972127484118,0.71988385321838,1.93784319561223,NA
"302","Sokol_Hessner2013R","181",2.1332,0.68584,4.9708,NA
"303","Vrecko2012","181",1.3439,0.7796,2.0345,0.89567
"304","Sokol_Hessner2013A","182",0.57062,1.7144,0.72616,NA
"305","Sokol_Hessner2013R","182",0.55151,1.3951,0.95423,NA
"306","Vrecko2012","182",5496.349461,7.876275032,3.161926794,8.741359646
"307","Sokol_Hessner2013A","183",1.89062899050592,0.773539834087546,1.11123814384529,NA
"308","Sokol_Hessner2013R","183",1.5254,0.95357,0.85501,NA
"309","Vrecko2012","183",1,0.99416,1.0165,0.9981
"310","Sokol_Hessner2013A","184",1.46984842176663,0.691004122565213,2.61658407793163,NA
"311","Sokol_Hessner2013R","184",0.889722614353517,0.929581777036419,1.16250782184318,NA
"312","Vrecko2012","184",0.39215,1.0324,3.5964,0.93325
"313","Sokol_Hessner2013A","185",1.08348192700659,0.542986014772102,11.0222956555236,NA
"314","Sokol_Hessner2013R","185",1.1262,0.57162,5.5745,NA
"315","Vrecko2012","185",1.006345367,0.951871142,4.635427467,0.71196728
"316","Vrecko2012","186",0.62668,0.91242,5.833,0.81151
"317","Sokol_Hessner2013A","187",0.971713112474012,0.765324921755852,2.64616984235565,NA
"318","Sokol_Hessner2013R","187",0.884649234492105,0.701892429072498,2.40725482039544,NA
"319","Vrecko2012","187",0.008190571,4.383139711,3.666640689,5.586485119
"320","Vrecko2012","188",1.0382,0.88032,2.5365,0.78596
"321","Sokol_Hessner2013A","189",0.722023591328192,0.962016184790423,1.39221822373106,NA
"322","Sokol_Hessner2013R","189",0.50674,1.1277,0.9054,NA
"323","Vrecko2012","189",0.045715,1.0284,1.9104,0.80641
"324","Canessa2013","19",1.1168,0.32467,1904.9,NA
"325","Chib2014","19",3.58701847586953,1.88961535994945,0.456666569660248,NA
"326","Frydman2014","19",1.1231,1.1268,5.6308,NA
"327","Gloeckner2012","19",3.2939,0.67959,0.01714,0.73771
"328","Kocher2011","19",2.73641408380652,1.76298303968006,0.607971865039305,0.438625679261374
"329","Lorains2014","19",2.644,0.88503,69.073,NA
"330","Pahlke2012","19",1.12459329457955,1.32875772657923,1.44477706580663,0.526127456289879
"331","Pighin2014","19",1.0268,0.012959,1.24e+217,NA
"332","Rieskamp2008","19",5.82055908745675,1.29184732356451,0.142877192825484,0.42983546620364
"333","Sokol_Hessner2014","19",2.1294,1.1192,0.584,NA
"334","Vrecko2012","19",3.3122,1.5912,5.6878,0.49662
"335","Zeisberger2012","19",3144.840858,7.346621877,3.240207083,8.388329528
"336","Sokol_Hessner2013A","190",1.06301339468943,0.844718263197265,1.68193711064151,NA
"337","Sokol_Hessner2013R","190",0.721618069112772,0.821576639171183,1.80737266003106,NA
"338","Vrecko2012","190",0.004254445,4.988007506,8.153031323,5.138360767
"339","Sokol_Hessner2013A","191",1.5121,0.89345,1.7802,NA
"340","Sokol_Hessner2013R","191",0.92506,0.99183,0.90434,NA
"341","Vrecko2012","191",1.000406435,1.115399533,5.693251938,1.055665015
"342","Sokol_Hessner2013A","192",1.31912446505913,1.49094647902163,0.660446102147259,NA
"343","Sokol_Hessner2013R","192",0.69742,1.0572,0.90662,NA
"344","Vrecko2012","192",0.585193396,0.793682023,3.863997792,0.711293651
"345","Sokol_Hessner2013A","193",1.06499028324005,0.808121140157509,2.17163384289442,NA
"346","Sokol_Hessner2013R","193",0.73089,1.4063,1.0036,NA
"347","Vrecko2012","193",0.663431868,1.052543687,5.323969217,0.49723898
"348","Sokol_Hessner2013A","194",1.0852,1.4322,0.98152,NA
"349","Sokol_Hessner2013R","194",0.86963,1.185,1.1621,NA
"350","Vrecko2012","194",0.10268,0.9352,2.9072,0.75274
"351","Sokol_Hessner2013A","195",2.4053,1.0462,0.88791,NA
"352","Sokol_Hessner2013R","195",4.9408,2.4332,0.31546,NA
"353","Vrecko2012","195",0.12074634,0.891574182,6.78259664,0.610379757
"354","Vrecko2012","196",1.0399,0.92832,2.6768,0.6765
"355","Vrecko2012","197",0.60449,1.617,3.3436,0.51488
"356","Pahlke2012","198",1.6402397616713,1.10637301079426,1.83767717769912,0.575892951244067
"357","Vrecko2012","198",1.0234e-70,128.86,3.7652,0.0034856
"358","Pahlke2012","199",1,1,714750,NA
"359","Vrecko2012","199",1,1,6.9405e-15,1
"360","Canessa2013","2",0.90443663553967,1.09316732049902,0.141407235844791,NA
"361","Chib2014","2",13.111,402.45,0.35329,NA
"362","Frydman2014","2",2284.5,0.50205,300.3,NA
"363","Gloeckner2012","2",0.14319,0.018312,0.0057246,1.5044
"364","Kocher2011","2",74069.5314270188,3.99331903550209,-0.715933851062345,0.179460279592915
"365","Lorains2014","2",1.0067,0.029779,8.0724e+99,NA
"366","Pahlke2012","2",8.7188e-14,0.11719,0.24552,NA
"367","Pighin2014","2",2.33753615987276,0.815525215110808,1.35129615771249,NA
"368","Rieskamp2008","2",0.72727,0.75546,0.068219,0.73663
"369","Sokol_Hessner2014","2",1.204,1.3243,0.67067,NA
"370","Tom2007","2",1.0138,0.013424,1457.7,NA
"371","Vrecko2012","2",1.106,0.85541,2.9667,0.86296
"372","Zeisberger2012","2",1.198523977,0.808565532,5.79667951,0.759233859
"373","Canessa2013","20",1.91849333463332,1.37632369825386,0.0951979925896512,NA
"374","Chib2014","20",1.87109129987118,0.960735439291633,0.997192456555772,NA
"375","Frydman2014","20",3752295.91615201,0.873725736741656,1.70697685653849,NA
"376","Gloeckner2012","20",0.010123,0.26112,0.0081156,1.5349
"377","Kocher2011","20",4.14648006150825,0.910275721152555,1.23675271382776,0.837372099288374
"378","Lorains2014","20",2.0858,12.293,3.2235,NA
"379","Pighin2014","20",2.35813643977337,1.43111978619761,0.341662094179482,NA
"380","Rieskamp2008","20",1.82703811667821,1.93811227496601,0.151385845277516,0.461913096199213
"381","Sokol_Hessner2014","20",1.407,0.9636,0.80702,NA
"382","Vrecko2012","20",0.66277,0.78341,3.5918,0.43104
"383","Zeisberger2012","20",0.76026,0.73233,5.1736,0.66337
"384","Vrecko2012","200",0.005193666,1.980533964,7.484167713,0.318182541
"385","Vrecko2012","201",1.098929361,0.965926782,2.376601464,1.120281565
"386","Pahlke2012","202",1.73468114447821,1.14034611924776,1.85777628375426,1.33345036935451
"387","Vrecko2012","202",1,1,6.9405e-15,1
"388","Vrecko2012","203",0.999523145,1.317741655,7.122384129,0.457349267
"389","Pahlke2012","204",2.27570479982691,6.94801874478595e-08,0.78378860859847,0.654637976020909
"390","Vrecko2012","204",0.754892035,0.867572878,3.256627468,0.535768596
"391","Vrecko2012","205",0.60737,0.91415,4.3745,0.76114
"392","Pahlke2012","206",1,1,436890,NA
"393","Vrecko2012","206",0.80731,1.19,2.6302,0.76309
"394","Pahlke2012","207",1.18430950484795,1.02562148682621,2.51382803371753,1.13045226463336
"395","Vrecko2012","207",2.0777,0.78244,1.647,0.52169
"396","Pahlke2012","208",1.85112242288453,0.841030161454616,0.692793928021086,0.999717476953651
"397","Vrecko2012","208",1,1,6.9405e-15,1
"398","Pahlke2012","209",1,1,362570,NA
"399","Vrecko2012","209",2.8628e-12,1.5089,9.7157,0.34575
"400","Canessa2013","21",4.9411,5.4946,0.046999,NA
"401","Chib2014","21",1.502,0.93198,1.0911,NA
"402","Frydman2014","21",1.51246340787055,0.967484648373228,1.91469314564162,NA
"403","Gloeckner2012","21",0.00013517,0.34857,0.0087626,2.562
"404","Kocher2011","21",54.134,179.64,0.1346,0.0040394
"405","Lorains2014","21",1.82892363833725,1.33208762577289,0.277869106173487,NA
"406","Pahlke2012","21",10012.5484968164,5.72411962880378,-0.255142410058979,5.13822070040431
"407","Pighin2014","21",1.1813,0.10159,3.07e+12,NA
"408","Rieskamp2008","21",0.62636,1.0057,0.088027,0.52226
"409","Sokol_Hessner2014","21",0.18414,1.1442,0.33204,NA
"410","Vrecko2012","21",0.000324417,7.312951722,5.447917534,9.131751769
"411","Zeisberger2012","21",0.55387,0.85109,4.7992,0.64342
"412","Pahlke2012","210",67394.228134406,0.968583675059845,0.955062371873084,0.568376390873933
"413","Vrecko2012","210",0.52265,0.87618,1.9544,0.78334
"414","Pahlke2012","211",1.01623904622181,1.00456501316553,14.1618562381343,0.87377153560845
"415","Vrecko2012","211",0.95207,1.1131,2.7094,0.87807
"416","Pahlke2012","212",3.88588456787449,1.52846829590025,1.14177018066497,0.396466793524773
"417","Vrecko2012","212",0.028668,3.2332,9.2094,0.28482
"418","Pahlke2012","213",2.5750504045406,0.605306955242024,0.542929125794447,1.00006032365515
"419","Vrecko2012","213",1.382775105,0.982016805,2.088963231,1.009768868
"420","Vrecko2012","214",1.0394,0.69598,4.51,0.56496
"421","Vrecko2012","215",0.64473344,2.08742092,4.093830649,0.395722098
"422","Vrecko2012","216",0.055509,1.2834,1.8075,0.18921
"423","Pahlke2012","217",1.0996e+12,0.7398,1.1572,NA
"424","Vrecko2012","217",0.449996593,0.934514861,2.835976899,0.59017408
"425","Vrecko2012","218",0.53403,1.069,1.7621,0.58139
"426","Pahlke2012","219",1.6683470166276,1.38914337848158,1.13587276094099,0.403046034270769
"427","Vrecko2012","219",0.67922,1.1752,1.3878,0.86493
"428","Canessa2013","22",1.54598441764355,2.22056287222263,0.0957327090988558,NA
"429","Chib2014","22",0.4879,0.28213,25.599,NA
"430","Frydman2014","22",1.1931,1.2701,0.77467,NA
"431","Gloeckner2012","22",1.1485,1.2726,0.0097901,0.61537
"432","Kocher2011","22",3914400000,2.1514,0.42662,1.4825
"433","Lorains2014","22",4.508e+12,21.018,0.14891,NA
"434","Pighin2014","22",1.7895,0.0058041,2.82e+113,NA
"435","Rieskamp2008","22",0.3159,1.3225,0.074806,0.79896
"436","Sokol_Hessner2014","22",1.3162,0.7674,2.8101,NA
"437","Vrecko2012","22",4.116933684,0.844740349,5.71483245,0.699680784
"438","Zeisberger2012","22",0.60044,0.86034,5.7134,0.74463
"439","Vrecko2012","220",0.017007396,1.108266519,2.646444669,0.916047569
"440","Pahlke2012","221",1.8994e+13,0.93165,1.2315,NA
"441","Vrecko2012","221",0.37015,1.1836,3.9848,0.86257
"442","Pahlke2012","222",1,1,139760,NA
"443","Vrecko2012","222",0.495354993,0.907133287,6.669861591,0.869826377
"444","Vrecko2012","223",0.508374432,0.89367267,5.921773152,0.641043928
"445","Vrecko2012","224",0.462563861,1.081159417,5.051419312,0.829316881
"446","Pahlke2012","225",5.38622959180428,1.23028376879215,0.685022310461304,0.376002473474737
"447","Vrecko2012","225",1.1608,1.0199,3.6617,0.89972
"448","Vrecko2012","226",-4.6522e-17,1.3794,7.339,1.143
"449","Pahlke2012","227",1.48363577018868,0.986012832609487,2.76274468066219,0.941658372562133
"450","Vrecko2012","227",0.10792,2.0265,5.9507,0.33987
"451","Pahlke2012","228",1.991946062563,0.994292558151586,13.6677680193581,0.863745568006307
"452","Vrecko2012","228",0.75504,0.83773,0.86073,0.77539
"453","Vrecko2012","229",0.42881,0.90941,3.6002,0.66535
"454","Canessa2013","23",0.7231,2.432,0.12105,NA
"455","Chib2014","23",2.77987192637533,1.03614859721252,0.707165459475082,NA
"456","Frydman2014","23",10.779,5.0679,0.33214,NA
"457","Gloeckner2012","23",0.55697,0.64887,0.010748,0.81012
"458","Kocher2011","23",1.6465e-25,16.828,0.37227,0.091537
"459","Lorains2014","23",1.0076,0.025228,1.4101e+112,NA
"460","Pahlke2012","23",2.30204197609629,1.17517082574875,1.2420376138958,0.456006479245056
"461","Pighin2014","23",1.95717968225009,1.39838086991441,0.432472317050278,NA
"462","Rieskamp2008","23",0.467126104901605,1.24645498507914,0.119632881951127,0.427014065826308
"463","Vrecko2012","23",1.5476,0.9409,4.2145,0.71474
"464","Zeisberger2012","23",19257.01951,8.987044007,2.90771524,10.21496741
"465","Vrecko2012","230",1.1365802,1.406969876,7.707299695,0.408877223
"466","Pahlke2012","231",1.9464e+13,0.25012,0.47827,NA
"467","Vrecko2012","231",0.061629157,2.5932599,7.543765293,0.2924979
"468","Vrecko2012","232",0.035329664,1.36499953,6.583057178,0.359709783
"469","Vrecko2012","233",2.4993,1.2029,3.044,0.8636
"470","Vrecko2012","234",1939700000,19.466,3.3443,0.0272
"471","Vrecko2012","235",0.16564,0.7991,3.5893,0.99374
"472","Pahlke2012","237",1.87420596785287,0.551887366384923,0.356713618330397,0.574747009035448
"473","Pahlke2012","238",3.86026869654718,0.845912873613075,0.782953624245647,0.711665857874758
"474","Pahlke2012","239",2.024152735789,1.00301420498783,14.1495167941226,1.1392500562374
"475","Canessa2013","24",1.0204,0.32938,489.64,NA
"476","Chib2014","24",2.59261938016858,1.40835816503707,0.755307314188373,NA
"477","Frydman2014","24",0.72241,0.73938,-0.57943,NA
"478","Gloeckner2012","24",8.646e-08,9.0415e-08,0.0082142,0.90312
"479","Kocher2011","24",-0.25768,0.76992,0.53625,0.83709
"480","Lorains2014","24",1.02,0.014959,3.2061e+178,NA
"481","Pahlke2012","24",2.93704742243657,1.39811973406635,0.767557666011159,0.350042746314587
"482","Pighin2014","24",3.5599,0.77564,0.72014,NA
"483","Rieskamp2008","24",1.61479936169299,1.02985251141809,0.12935467369265,0.512129090259248
"484","Vrecko2012","24",0.70344,0.92216,4.5704,0.51501
"485","Zeisberger2012","24",1.1252,0.98752,2.3133,0.96731
"486","Pahlke2012","240",135617.458535271,1.14327617998435,1.21866918307073,0.449624401435925
"487","Zank2010","240350",2.07e+13,0.97908,-8.2319,0.9999
"488","Zank2010","240559",-9530066.65155233,0.544111691885646,0.314119515299068,18.1306805075324
"489","Zank2010","240567",1.80488782713448,1.77372475674424,2.8785993066413,1.09333829519484
"490","Brooks2014","241509",3.6115,1.0965,0.77048,NA
"491","Zank2010","241525",-923.276238777514,245.509155357354,-0.949312036519256,952.815553478708
"492","Zank2010","241881",544528.116762943,0.830777277437439,-6.71568101390682,0.970764639470515
"493","Zank2010","241884",657255.402436882,0.952197907002877,-6.53913794217961,1.00864707114219
"494","Zank2010","242109",0.98946,5.8308,0.97258,1.3159
"495","Zank2010","242121",0.48557,2.6925,2.3704,1.5236
"496","Zank2010","243132",24.644,1.8131,-2.5767,3.8967
"497","Zank2010","243318",15.6007540732689,1.67103395266411,-1.58322179061678,4.77817035867166
"498","Canessa2013","25",1.0053,0.0089012,6.1161e+307,NA
"499","Chib2014","25",2.1037,0.87523,1.7446,NA
"500","Frydman2014","25",1.50691666972553,0.610779796886502,0.292878946343875,NA
"501","Gloeckner2012","25",9.6464,0.4943,0.012026,0.69035
"502","Kocher2011","25",2.5132,0.30068,0.067031,0.89646
"503","Lorains2014","25",2.0858,12.293,3.2235,NA
"504","Pighin2014","25",2.4363,1.051,0.90979,NA
"505","Rieskamp2008","25",1.17704476303619,1.04785604098985,0.0912373932375067,0.806685545843638
"506","Vrecko2012","25",0.38256,1.1149,5.5251,1.002
"507","Zeisberger2012","25",0.90593,1.0918,5.1547,0.7256
"508","Brooks2014","251660",-25019,1,604.34,NA
"509","Brooks2014","252391",2.2389,0.90585,1.4186,NA
"510","Brooks2014","252402",1.36421099011588,0.586543500358157,-1.43781864519333,NA
"511","Zank2010","252411",2.5071,1.4349,1.5878,0.84636
"512","Brooks2014","252436",2.58619152369217,1.03884374196082,-0.790940429792471,NA
"513","Brooks2014","252481",1.81815253289894,0.867024360467446,-2.75544746016283,NA
"514","Brooks2014","252488",-278.48,1.9463,0.13535,NA
"515","Brooks2014","252502",-1.37e-13,0.47659,0.78705,NA
"516","Brooks2014","252512",1.76765853516529,1.27154725875012,2.45915790026707,NA
"517","Brooks2014","252527",1.61444018613911,1.44206948443963,1.45190808755023,NA
"518","Brooks2014","252536",2.41730139563384e-06,0.234544136664455,-0.51647893232154,NA
"519","Brooks2014","252537",1.64694855706275,2.48958249808822,0.238408308966529,NA
"520","Brooks2014","252557",6.78160139097233,0.966249577531088,-2.61750462539238,NA
"521","Brooks2014","252617",4.74162515932315,3.6342646015251,0.0862147551044276,NA
"522","Brooks2014","252634",1.66257778577893,0.703240770568591,0.910525707522601,NA
"523","Brooks2014","252636",6.87280444909039,0.980496097688023,6.40797978971201,NA
"524","Brooks2014","252659",1.95086138533585,0.720653399188732,-0.539174854390004,NA
"525","Brooks2014","252660",1.29076187418432,1.76640216969774,0.356222693790851,NA
"526","Brooks2014","252663",2.01002296929305,1.14971296018197,0.867337996257631,NA
"527","Brooks2014","252672",2.49965513881011,0.999432880965437,7.12582573282473,NA
"528","Brooks2014","252693",1.54e+13,0.74657,-2.5741,NA
"529","Brooks2014","252719",2.3224263933347,1.68314641825943,-0.90892131059159,NA
"530","Brooks2014","252734",3.8381,0.88211,0.18968,NA
"531","Brooks2014","252736",1.1308,0.98702,11.32,NA
"532","Brooks2014","252768",2.81349665636371,0.568984659143969,-1.9313917740719,NA
"533","Brooks2014","252788",1.00118254688987,1.0127675783963,60.5006123059408,NA
"534","Brooks2014","252789",3.72465174930108,0.766346429142234,0.734761140579417,NA
"535","Brooks2014","252811",3.59530327941661,2.91884401177515,-0.140397161918494,NA
"536","Brooks2014","252819",1.4881,1.9086,0.38236,NA
"537","Zank2010","252910",56.799,1.6078,-1.5133,4.092
"538","Zank2010","253032",408.301037518925,47.3026671478694,0.289997905325031,12.0477521217696
"539","Zank2010","253035",1149830.95756444,0.757535302451923,-5.3661995468102,1.07718007313324
"540","Zank2010","253036",3.095,0.9928,-4.2324,1.059
"541","Zank2010","253043",14.206,2.3538,2.865,2.9285
"542","Zank2010","253047",1.00000116161256,78.6813226197545,0.182142843629624,1.23642429881659
"543","Zank2010","253053",2.93162298635826,0.93869139314806,7.40891090646942,1.08460040287755
"544","Canessa2013","26",1.94275891642945,1.97379915566027,0.0924076945321842,NA
"545","Chib2014","26",2.76996451021852,1.02383195307429,1.0831033574087,NA
"546","Frydman2014","26",0.76203,0.7197,-0.22861,NA
"547","Gloeckner2012","26",0.10006,0.34728,0.007403,0.61837
"548","Kocher2011","26",28929000,59.657,-3.4193,0.01649
"549","Lorains2014","26",5.7348,1.5873,9.2914,NA
"550","Pighin2014","26",0.955297978251427,1.92362708032116,0.158135846331861,NA
"551","Rieskamp2008","26",1.30689262554347,1.03417931948172,0.117349573644359,0.59485230811626
"552","Vrecko2012","26",0.45291,1.1756,4.4861,0.38145
"553","Zeisberger2012","26",0.92301,1.0341,2.0343,0.9161
"554","Canessa2013","27",0.98803,0.037693,4.0276e+65,NA
"555","Chib2014","27",7.39524399407,2.9969786818329,0.386361232214216,NA
"556","Frydman2014","27",324097.736141486,0.456517608284313,0.347108337071983,NA
"557","Gloeckner2012","27",5.0502,0.92793,0.0091818,1.9904
"558","Kocher2011","27",3.5897,0.18795,0.11357,0.78221
"559","Lorains2014","27",1.0118,0.0098909,1.4638e+291,NA
"560","Rieskamp2008","27",0.879787263934362,0.813801938486648,0.0428629116820375,1.80215191964752
"561","Vrecko2012","27",1.058700051,0.807967738,1.669725834,0.936376179
"562","Zeisberger2012","27",1.1608,0.94169,4.075,0.97107
"563","Canessa2013","28",1.36943797899368,0.914582564957253,0.507118993106505,NA
"564","Chib2014","28",1.37703579743069,1.27120209153433,0.497272161971027,NA
"565","Frydman2014","28",22.009,23.151,0.22344,NA
"566","Gloeckner2012","28",6.14028886901986,0.68160314754642,0.00880653216917659,0.565315857591345
"567","Kocher2011","28",24.0539957704191,1.05403717851807,1.27925968820699,1.64440400977436
"568","Lorains2014","28",1.973,0.46978,51.02,NA
"569","Rieskamp2008","28",1.46879748637286,1.0467898772463,0.169893987413753,0.783035774471773
"570","Vrecko2012","28",1,0.81218,2.7221,0.7104
"571","Zeisberger2012","28",1.40095908,0.895586882,3.43340443,0.93761346
"572","Canessa2013","29",1.0228,0.01178,7.6187e+160,NA
"573","Chib2014","29",1.7875,1.2194,0.37994,NA
"574","Frydman2014","29",1.6132,3.5915,0.48519,NA
"575","Gloeckner2012","29",0.1041,0.16975,0.0099802,0.89397
"576","Kocher2011","29",-659.44,259.7,0.8067,101.28
"577","Lorains2014","29",1.0073,0.0094493,6.1503e+307,NA
"578","Rieskamp2008","29",0.559234139479786,0.953468716345347,0.206888039347809,0.923480203432152
"579","Sokol_Hessner2009A","29",2544,16.783,0.29305,NA
"580","Sokol_Hessner2009R","29",1.0422954842626,0.9909614778128,0.93942182017746,NA
"581","Vrecko2012","29",0.068469,1.0853,10.256,0.65822
"582","Zeisberger2012","29",1.0801,0.95703,1.3176,1.0113
"583","Canessa2013","3",1.271,0.7179,0.71532,NA
"584","Chib2014","3",2.1479,0.83909,0.93698,NA
"585","Frydman2014","3",3.42549661334172,1.89855210846836,0.709342561866846,NA
"586","Gloeckner2012","3",22.208,0.57713,0.017547,0.663
"587","Kocher2011","3",5.99585618956936e+34,133.815241723099,-0.0763447335928414,0.406103751771642
"588","Lorains2014","3",2.0858,12.293,3.2235,NA
"589","Pahlke2012","3",3.09409970749435,1.20115756249922,0.888709402224695,0.458414331722085
"590","Pighin2014","3",1.0274,0.012961,1.44e+193,NA
"591","Rieskamp2008","3",1.2509,0.86672,0.2006,0.66877
"592","Sokol_Hessner2014","3",0.801887523788115,0.837619834545144,1.61139604233887,NA
"593","Tom2007","3",14.41,2.1714,0.0037668,NA
"594","Vrecko2012","3",0.42066,1.0386,4.8815,0.97789
"595","Zank2010","3",0.97567,9.5997,-0.59946,0.16145
"596","Zeisberger2012","3",0.18640411,1.821580904,3.247159443,2.374796294
"597","Canessa2013","30",1.99685050812724,0.871182528908928,0.307165968619787,NA
"598","Chib2014","30",2.58512669189541,0.745030548828919,2.13701881958004,NA
"599","Frydman2014","30",2.2472,6.0635,16.384,NA
"600","Gloeckner2012","30",-8.2472e-05,0.04134,0.013159,2.1662
"601","Kocher2011","30",28.9585380400736,0.72683601410206,0.639725013264504,0.864830279137779
"602","Lorains2014","30",19.967,4.6664,0.11205,NA
"603","Rieskamp2008","30",1.03304820767455,1.51373913824998,0.103616031761652,0.590986659418336
"604","Sokol_Hessner2009A","30",0.76534,1.0157,0.93816,NA
"605","Sokol_Hessner2009R","30",0.4673,1.0976,0.8033,NA
"606","Vrecko2012","30",7.37e-06,10.82456492,3.173127873,14.26498108
"607","Zeisberger2012","30",0.59652,1.0342,4.5483,0.75139
"608","Canessa2013","31",1.5258,1.3108,0.204,NA
"609","Chib2014","31",2.3226925762871,0.721369231438757,4.2192974806044,NA
"610","Frydman2014","31",1.1182976175892,0.890678094099757,6.19174532960931,NA
"611","Gloeckner2012","31",1.006,0.56824,0.010488,0.85911
"612","Kocher2011","31",7.81901860245741,133.963449098754,0.353254478674402,126.967035482311
"613","Lorains2014","31",15.016,9.417,0.12042,NA
"614","Sokol_Hessner2009A","31",4.85374927039768,0.718369839612736,4.90273104916471,NA
"615","Sokol_Hessner2009R","31",2.4667,0.798,2.0896,NA
"616","Vrecko2012","31",0.731600639,0.760549258,5.352114882,0.84439141
"617","Zeisberger2012","31",0.7974,1.4554,6.8501,0.67525
"618","Canessa2013","32",2.4526608650058,2.0407103233015,0.123849347719533,NA
"619","Chib2014","32",2.7211127880436,0.780232498466189,2.78734291787616,NA
"620","Frydman2014","32",1.5733,3.3764,0.53853,NA
"621","Gloeckner2012","32",1.0806,0.74199,0.016087,0.67466
"622","Kocher2011","32",105591.961806581,0.748361272512149,1.12711818888713,0.746813500616003
"623","Lorains2014","32",0.186977426569031,9.72247217325976,0.125975180236018,NA
"624","Sokol_Hessner2009A","32",15.3427732207294,6.08025563198767,0.12198836415876,NA
"625","Sokol_Hessner2009R","32",0.64259,0.93178,0.70538,NA
"626","Vrecko2012","32",0.898823837,1.152640487,4.532938365,0.593647581
"627","Zeisberger2012","32",0.61027,0.84296,4.1503,0.85412
"628","Canessa2013","33",1.0015,0.013397,2.3022e+289,NA
"629","Frydman2014","33",1.15339588461847,1.01575653216007,3.77569069757002,NA
"630","Gloeckner2012","33",0.074282,0.13467,0.0049331,1.0494
"631","Kocher2011","33",-428.56,239.64,1.5789e-16,5
"632","Lorains2014","33",10.99,1.5439,1.07,NA
"633","Sokol_Hessner2009A","33",1.14576618920482,0.70730119506461,1.72327480595243,NA
"634","Sokol_Hessner2009R","33",1.01829480213915,0.699189517904015,2.72113559584946,NA
"635","Vrecko2012","33",203.9234548,4.840523663,3.413918284,5.053254274
"636","Zeisberger2012","33",0.49278,0.90858,6.4628,0.67348
"637","Canessa2013","34",1.16664183561025,0.779888885546801,0.722022905168779,NA
"638","Frydman2014","34",1.3346,0.83567,2.5705,NA
"639","Gloeckner2012","34",1.9125,0.6022,0.012026,0.59541
"640","Kocher2011","34",2.8822e-08,0.77796,0.24834,0.52181
"641","Lorains2014","34",7.6101,3.135,7.2907,NA
"642","Sokol_Hessner2009A","34",1.04037287683178,0.865081112322558,3.31277765514558,NA
"643","Sokol_Hessner2009R","34",0.62392,0.87113,2.7909,NA
"644","Vrecko2012","34",0.912433573,0.821958631,4.019229666,0.703723474
"645","Zeisberger2012","34",0.99311,0.9239,0.6565,0.93258
"646","Zank2010","341520",5.58156289857317,1.59672334014859,-1.7870596037455,3.15814899498229
"647","Zank2010","342155",143000,47.353,0.24549,10.81
"648","Zank2010","343308",-0.0834820406271465,1.72730519633239,1.68601997914722,1.3423004627757
"649","Zank2010","343543",-220.54297201001,1.13783991456298,0.558840809527123,0.437126370571992
"650","Zank2010","343655",1.96e+12,0.66368,-6.3776,1.1579
"651","Zank2010","343906",-7.74826873652969,3.40684760377776,3.24005384298756,1.65783845852325
"652","Zank2010","344078",-0.622710655754882,5.06607653650194,1.15899667573287,2.41595921068056
"653","Brooks2014","349749",0.97417,2.814,0.2857,NA
"654","Brooks2014","349751",5.25133692172109,1.07135430171169,-2.36584156275155,NA
"655","Brooks2014","349761",2.30607389208829,0.988462080188513,2.51643062598742,NA
"656","Brooks2014","349780",2.2132,0.86248,0.65715,NA
"657","Brooks2014","349801",1.9608,1.8376,0.15612,NA
"658","Brooks2014","349814",1.1451,0.98647,-7.0912,NA
"659","Brooks2014","349830",1.09290933584649,4.19691513585997,0.141305776790435,NA
"660","Brooks2014","349836",1.3493,2.1934,0.76125,NA
"661","Brooks2014","349845",1.82803720268535,1.00622912296248,-9.06963442117422,NA
"662","Brooks2014","349910",2.57230350988586,1.08714312094691,1.58653980699398,NA
"663","Brooks2014","349923",1.79684940170538,0.765453030319522,-1.89069623578747,NA
"664","Brooks2014","349942",1.27552184557824,0.282605328279708,-0.389680479832337,NA
"665","Brooks2014","349944",1,54.136,0.19411,NA
"666","Brooks2014","349947",0.32042,5.4295,0.13489,NA
"667","Brooks2014","349954",2.61942202352095,0.944817310391701,0.18351315045902,NA
"668","Brooks2014","349956",1.4758,3.8407,0.18738,NA
"669","Brooks2014","349961",7.72798868859047,0.814499583826245,-6.99897007013886,NA
"670","Brooks2014","349990",1.2296,0.73876,1.1241,NA
"671","Canessa2013","35",1.1864,0.20997,90810,NA
"672","Frydman2014","35",1.4931,0.93839,4.7947,NA
"673","Gloeckner2012","35",2.7425,0.72013,0.0081243,0.65912
"674","Kocher2011","35",2025651.28567063,1.85944932316521,-0.183352858618491,0.47291897521685
"675","Lorains2014","35",1.4243,3.0856,0.19093,NA
"676","Sokol_Hessner2009A","35",23.1859277553279,6.05231429901174,0.378867724551392,NA
"677","Sokol_Hessner2009R","35",1.088,0.93481,1.8064,NA
"678","Vrecko2012","35",0.88786213,0.794276258,2.852138985,0.789810387
"679","Zeisberger2012","35",1.208156192,0.947801516,3.700591591,0.81303506
"680","Brooks2014","350007",1.0313,2.684,0.27151,NA
"681","Brooks2014","350030",0.15675,2.5248,0.43118,NA
"682","Brooks2014","350034",0.99997943487346,1.00031276312716,4074.84787030081,NA
"683","Brooks2014","350066",1.5641,5.7693,0.42901,NA
"684","Brooks2014","350072",1.96295723944251,1.07233345769427,2.10151527737692,NA
"685","Brooks2014","350088",3.99196382123556,0.618825555276686,-0.788612338755246,NA
"686","Brooks2014","350091",2.41448262793474,0.872366856059905,0.721365377619508,NA
"687","Brooks2014","350099",3.24003111012187,0.663021188636428,-1.46138436520492,NA
"688","Brooks2014","350134",2.5005,3.9771,0.12598,NA
"689","Brooks2014","350150",1.41225445927228,0.882072821391076,-2.92507527116705,NA
"690","Brooks2014","350203",1.73762750160581,1.82118405341691,0.360879783044855,NA
"691","Zank2010","350291",2077355.46934875,0.687201494969218,-18.4336842417341,0.794927041487948
"692","Zank2010","350298",2.54911906466357,1.57137448475153,3.43228172518469,0.936851104240935
"693","Zank2010","350493",17.164422314942,1.32145169944954,-19.9035244365759,3.95681193302303
"694","Zank2010","350502",1024507.31298327,0.833810289236775,-7.67757053123883,1.04972033157373
"695","Zank2010","350521",124668.183902149,1.26130882517102,2.45048940165536,0.802342832536326
"696","Zank2010","350835",1.83145843577384,2.01488664682997,1.16080511966934,0.737452077074436
"697","Zank2010","352426",1649962.07412634,0.925396707307682,-7.4624627199721,0.96138886068228
"698","Brooks2014","352787",2.7107,3.9292,0.080994,NA
"699","Brooks2014","352789",0.43732,0.96154,9.1878,NA
"700","Brooks2014","352895",1.9011642309382,1.0240970095733,4.83241411752859,NA
"701","Brooks2014","353615",1.12234979149033,0.770079616894811,-6.05705819827461,NA
"702","Brooks2014","354787",2e+09,0.99569,-21.496,NA
"703","Brooks2014","354788",1.8228,2.5383,0.46862,NA
"704","Zank2010","355236",0.636452605090024,2.06547121422417,8.45295568792968,1.3061700621932
"705","Canessa2013","36",1.3473,0.74973,0.31886,NA
"706","Frydman2014","36",888.22,14.445,0.097973,NA
"707","Gloeckner2012","36",2.3636,1.138,0.016274,0.49925
"708","Kocher2011","36",2.9715,0.31389,0.078457,0.89078
"709","Lorains2014","36",2.6192,1.3851,9.1783,NA
"710","Sokol_Hessner2009A","36",1.01205540165163,0.810177993291037,4.37714781408296,NA
"711","Sokol_Hessner2009R","36",0.7636671574542,0.942993745421754,2.30410139882602,NA
"712","Vrecko2012","36",0.58695,0.83237,3.9473,1.0739
"713","Zeisberger2012","36",857.959968,6.148884954,4.225691495,6.21913638
"714","Canessa2013","37",0.99445,0.53713,4.9185,NA
"715","Frydman2014","37",0.61355,1.124,1.754,NA
"716","Gloeckner2012","37",-4.5835e-07,0.39073,0.0062739,3.357
"717","Kocher2011","37",5.73515658535607,0.92630891439428,0.700424572682435,0.885986513130881
"718","Lorains2014","37",2.4457,3.8505,5.8146,NA
"719","Sokol_Hessner2009A","37",1.01795176319435,1.11287701685711,1.84426462616864,NA
"720","Sokol_Hessner2009R","37",0.910453228190008,1.06861209735677,1.56243227342956,NA
"721","Vrecko2012","37",9.4253e-05,8.4381,8.0133,0.081501
"722","Zeisberger2012","37",0.65262,0.88478,6.2488,0.57711
"723","Canessa2013","38",3.5665,13.411,2.5016,NA
"724","Frydman2014","38",845987.645271218,0.706393118684115,1.84803619845994,NA
"725","Gloeckner2012","38",-3.5155e-07,0.0259,0.013894,2.0586
"726","Kocher2011","38",6.26593445790918e-05,5.36776166506181,-0.241640464640818,4.59545738318608
"727","Lorains2014","38",44.864,1.8674,31.57,NA
"728","Vrecko2012","38",0.16267,1.1798,6.1732,0.82246
"729","Zeisberger2012","38",1.2432,1.0089,1.6989,0.96621
"730","Canessa2013","39",1.3767,0.98697,0.31986,NA
"731","Frydman2014","39",2592892.3604365,0.762865548882829,2.15883404226733,NA
"732","Gloeckner2012","39",12.801,0.57441,0.0097708,0.57268
"733","Kocher2011","39",3.3112,0.28243,0.052852,0.90407
"734","Vrecko2012","39",1.0825,1.0156,3.9244,1.0204
"735","Zeisberger2012","39",0.50224,0.94648,4.5715,0.93708
"736","Canessa2013","4",1.3371,0.44761,330.69,NA
"737","Chib2014","4",2.1567493798173,0.958620603559757,1.06509816451863,NA
"738","Frydman2014","4",0.97678,1.5103,4.608,NA
"739","Gloeckner2012","4",5.4681,0.64618,0.016324,0.8222
"740","Kocher2011","4",2189701.17382657,2.35011971512183,-0.236989812575608,0.277969018951435
"741","Lorains2014","4",1.0118,0.0089911,6.3016e+307,NA
"742","Pahlke2012","4",99599.9001060166,1.08905794212121,0.796101160304492,0.999999899897256
"743","Pighin2014","4",1.0129,0.0078946,6.02e+307,NA
"744","Rieskamp2008","4",0.91622,0.42584,0.0077705,0.75612
"745","Sokol_Hessner2014","4",4.55080971187556,1.84792208270417,0.392864390841292,NA
"746","Tom2007","4",1.63,0.42991,6.7044,NA
"747","Vrecko2012","4",0.768027232,1.226208374,3.106134449,0.556553066
"748","Zeisberger2012","4",0.73835,0.95505,2.5684,0.93592
"749","Canessa2013","40",1.17065056408881,0.784488136294035,1.36656589292119,NA
"750","Frydman2014","40",4.17579155863724,1.84636746995192,0.409623016472293,NA
"751","Gloeckner2012","40",6.5427,0.6666,0.023215,0.63961
"752","Kocher2011","40",3.1426,0.33599,0.099697,0.88097
"753","Vrecko2012","40",1.1406,0.91705,3.0449,0.72428
"754","Zeisberger2012","40",0.8817,0.69171,4.5708,0.78268
"755","Canessa2013","41",2.1453e+10,150.79,0.019541,NA
"756","Frydman2014","41",259.57,3.4576,71.052,NA
"757","Gloeckner2012","41",2.2043,0.73908,0.023491,0.70332
"758","Kocher2011","41",11.7208056152617,20.6293998976609,0.53967966394038,24.0140805175561
"759","Vrecko2012","41",1929700000,19.462,3.8909,0.027227
"760","Zeisberger2012","41",0.9277,0.89097,1.7749,0.88144
"761","Canessa2013","42",1.0055,0.01036,6.2164e+307,NA
"762","Frydman2014","42",2.3664224875811,3.18038250485287,0.586578807684978,NA
"763","Gloeckner2012","42",3.4575e-09,0.14858,0.0093887,1.341
"764","Kocher2011","42",302997.677083648,0.888713434114123,-0.280287158380092,0.547422321547574
"765","Vrecko2012","42",3.572398005,1.402076507,8.702236436,0.41304242
"766","Zeisberger2012","42",0.624315255,0.832508548,4.772394226,0.718571678
"767","Canessa2013","43",0.99956,0.010208,6.1783e+307,NA
"768","Frydman2014","43",1.09760045946569,0.954643720077371,8.34882157399739,NA
"769","Gloeckner2012","43",2.2041,1.0725,0.010725,0.55828
"770","Vrecko2012","43",0.60489,1.2411,3.7001,0.5171
"771","Zeisberger2012","43",1.02394024,1.062796364,5.476941571,0.686446745
"772","Canessa2013","44",1.0024,0.010355,6.1282e+307,NA
"773","Frydman2014","44",4.59415590086131,2.30076494322755,0.733599211387375,NA
"774","Gloeckner2012","44",1.225,0.85131,0.016407,0.93328
"775","Vrecko2012","44",1,0.96215,1.3522,0.84675
"776","Zeisberger2012","44",0.601747629,1.09372715,5.483470534,1.034276048
"777","Canessa2013","45",7.25083460925075,3.59936149465377,0.0540368311480042,NA
"778","Frydman2014","45",0.49966,0.81709,1.8077,NA
"779","Gloeckner2012","45",121.551511315776,2.77736727157796,0.00595975759184911,3.65054213301196
"780","Vrecko2012","45",0.042697434,1.269203542,3.522271992,0.398842237
"781","Zeisberger2012","45",1,1,6.9405e-15,1
"782","Brooks2014","45375",2.6211,0.89625,0.63078,NA
"783","Zank2010","45684",-0.72082,0.73692,3.9764,1.2039
"784","Zank2010","45699",5.98e+12,0.49199,-4.8422,1.093
"785","Zank2010","45704",-176.017128326679,2.49324334025775,4.77240463858234,1.32531945925812
"786","Canessa2013","46",1.0021,0.010353,6.449e+307,NA
"787","Frydman2014","46",1.3029,2.3265,0.71696,NA
"788","Gloeckner2012","46",0.088918,0.51891,0.012293,0.78621
"789","Vrecko2012","46",0.23029,1.9323,5.7699,0.27868
"790","Zeisberger2012","46",0.76541,0.92568,4.2062,0.86297
"791","Canessa2013","47",1.8869,0.85816,0.57155,NA
"792","Frydman2014","47",0.15144,65.027,21.903,NA
"793","Gloeckner2012","47",0.048008,0.31452,0.0064115,1.1012
"794","Vrecko2012","47",0.476326003,0.99492845,3.116085776,0.945561426
"795","Zeisberger2012","47",0.99303,0.8822,2.6422,0.75965
"796","Canessa2013","48",28.869,265.13,0.69412,NA
"797","Frydman2014","48",1.9845,0.9122,2.1266,NA
"798","Gloeckner2012","48",1.5645,0.77093,0.012875,0.70241
"799","Sokol_Hessner2009A","48",0.44386,0.8418,1.6862,NA
"800","Sokol_Hessner2009R","48",0.52145,0.87549,1.826,NA
"801","Vrecko2012","48",0.35279,1.0135,3.8597,0.89725
"802","Zeisberger2012","48",0.937344438,0.81677441,6.4157927,0.460025485
"803","Canessa2013","49",1.7286,1.0522,0.20164,NA
"804","Frydman2014","49",0.71854,5.5474,0.45801,NA
"805","Gloeckner2012","49",2.1016,0.82772,0.011376,0.79762
"806","Sokol_Hessner2009A","49",1.0008,0.79836,3.9065,NA
"807","Sokol_Hessner2009R","49",1.01879136958008,0.823532570022892,3.91370328346816,NA
"808","Vrecko2012","49",0.287439304,1.044552544,2.02610585,1.056592497
"809","Zeisberger2012","49",0.481330088,0.984093363,4.909761892,0.741909837
"810","Canessa2013","5",1.0028,0.009721,6.0632e+307,NA
"811","Chib2014","5",0.84224,3.6523,0.47831,NA
"812","Frydman2014","5",10.802,0.88241,2.1206,NA
"813","Gloeckner2012","5",50.763,0.075741,0.0098286,2.3835
"814","Kocher2011","5",-1.4492,0.3796,0.12461,0.89622
"815","Lorains2014","5",5.7348,1.5873,9.2914,NA
"816","Pahlke2012","5",1.11030536217804,1.05653708815222,9.72492567570069,1.10223659731387
"817","Pighin2014","5",1.03057620127849,1.28344242100816,0.62920686875623,NA
"818","Rieskamp2008","5",2.58391737416286,1.61296033923867,0.133144710322632,0.462409226498811
"819","Sokol_Hessner2014","5",3.3059e+12,0.81202,0.59333,NA
"820","Tom2007","5",1,2.2928e-06,3144900,NA
"821","Vrecko2012","5",-1.0964e-18,1.3832,5.9795,0.88097
"822","Zeisberger2012","5",0.49058,0.9326,3.7933,0.85914
"823","Canessa2013","50",1.0797,0.44154,14.35,NA
"824","Frydman2014","50",1.1067,2.4247,1.5629,NA
"825","Gloeckner2012","50",1.9732,0.51023,0.015964,0.84598
"826","Sokol_Hessner2009A","50",1.66961235962593,0.694651441848951,0.86767912970014,NA
"827","Sokol_Hessner2009R","50",0.832081958999133,0.748825408131575,0.976471382406335,NA
"828","Vrecko2012","50",0.58586,0.86152,2.6703,0.61979
"829","Zeisberger2012","50",1.3909,0.97083,1.7461,0.96268
"830","Canessa2013","51",1.0727,0.29012,41538,NA
"831","Frydman2014","51",1.32063151265447,1.10767895492182,3.29173848422676,NA
"832","Gloeckner2012","51",0.91827,0.63234,0.017508,0.76731
"833","Sokol_Hessner2009A","51",1.786,0.64085,2.4675,NA
"834","Sokol_Hessner2009R","51",1.3114,0.61681,4.7268,NA
"835","Vrecko2012","51",2.718,1.0633,5.7311,0.45484
"836","Zeisberger2012","51",0.8343,0.90685,3.3032,0.89092
"837","Canessa2013","52",1.67865352591056,0.97020195112709,0.315781687469734,NA
"838","Frydman2014","52",2.074,1.2433,1.4065,NA
"839","Gloeckner2012","52",0.24571,0.01711,0.0035352,1.5389
"840","Sokol_Hessner2009A","52",0.790477884473492,0.811764733244828,1.68752876836679,NA
"841","Sokol_Hessner2009R","52",0.61936,0.81059,1.4297,NA
"842","Vrecko2012","52",5.214429083,1.388746858,6.053875985,0.392353642
"843","Zeisberger2012","52",1.1826,0.963,2.2954,0.93876
"844","Canessa2013","53",0.99007,0.056663,7.8723e+54,NA
"845","Frydman2014","53",11.583637667276,1.74171053025068,4.47943278973864,NA
"846","Gloeckner2012","53",3.916,0.74005,0.013257,0.68896
"847","Sokol_Hessner2009A","53",0.740789857543064,0.868713578404453,1.87033321293889,NA
"848","Sokol_Hessner2009R","53",0.53259,0.87515,1.8488,NA
"849","Vrecko2012","53",0.22326,0.92137,3.3704,0.73025
"850","Zeisberger2012","53",1.2473,0.9674,1.3021,0.98916
"851","Canessa2013","54",1.23655754116537,1.50530240533869,0.0980645133586244,NA
"852","Frydman2014","54",1.2511,1.0368,3.8011,NA
"853","Gloeckner2012","54",1.4254,0.7999,0.013983,0.82083
"854","Sokol_Hessner2009A","54",0.738537010388265,0.980825928880149,1.06057909585788,NA
"855","Sokol_Hessner2009R","54",0.674826189241413,1.0290587576745,0.860582667690238,NA
"856","Vrecko2012","54",4.0117e-17,34.366,5.0969,0.023317
"857","Zeisberger2012","54",1.2502,0.98126,3.3433,0.87309
"858","Canessa2013","55",1.5419,1.5964,0.08233,NA
"859","Frydman2014","55",1.7047,1.1276,1.9778,NA
"860","Gloeckner2012","55",4.0326,0.62311,0.018338,0.6361
"861","Sokol_Hessner2009A","55",4.9473,0.98842,2.5718,NA
"862","Sokol_Hessner2009R","55",4.809,1.0414,2.4358,NA
"863","Vrecko2012","55",1.5856,1.0243,3.1091,0.89429
"864","Zeisberger2012","55",0.87461,0.86034,2.0621,0.80089
"865","Canessa2013","56",1.0044,0.0097521,6.2918e+307,NA
"866","Frydman2014","56",2.1838,1.1733,1.5269,NA
"867","Gloeckner2012","56",2.951e-07,0.012149,0.0086569,0.81053
"868","Sokol_Hessner2009A","56",1.04630914121831,0.742572437488975,4.05566762535826,NA
"869","Sokol_Hessner2009R","56",0.961863768928156,0.763954437347355,4.31586410322809,NA
"870","Vrecko2012","56",0.66612,0.99097,4.063,0.76732
"871","Zeisberger2012","56",0.89103,0.94663,3.7516,0.65448
"872","Frydman2014","57",1.263,0.86105,1.3486,NA
"873","Gloeckner2012","57",3.2218,0.83296,0.013543,0.83346
"874","Sokol_Hessner2009A","57",1.211,0.99199,3.0705,NA
"875","Sokol_Hessner2009R","57",0.85663,1.0495,1.2164,NA
"876","Vrecko2012","57",0.348467804,1.022792395,3.823832499,0.628784522
"877","Zeisberger2012","57",1.056389073,1.134141378,5.939871452,0.712148654
"878","Frydman2014","58",2.75944052926999,1.13904798668508,3.04833431320288,NA
"879","Gloeckner2012","58",4.0369,0.66702,0.010817,1.2511
"880","Sokol_Hessner2009A","58",1.0019,0.67918,1.7903,NA
"881","Sokol_Hessner2009R","58",0.93605,0.66638,4.0961,NA
"882","Vrecko2012","58",3.6522e-50,34.972,6.0743,0.029085
"883","Zeisberger2012","58",0.82304,0.9582,2.1523,0.82536
"884","Frydman2014","59",1.7409,1.1876,2.5445,NA
"885","Gloeckner2012","59",2.5199,0.95281,0.024997,0.69526
"886","Sokol_Hessner2009A","59",4.0423,2.047,0.70067,NA
"887","Sokol_Hessner2009R","59",1.6203,1.0816,3.6759,NA
"888","Vrecko2012","59",2.461,1.2993,4.7366,0.59089
"889","Zeisberger2012","59",0.65668,0.94178,2.8362,0.84517
"890","Canessa2013","6",1.45887191049655,0.844832012177122,0.404495637109991,NA
"891","Chib2014","6",2.27138539739081,0.962895503694502,0.652128265368094,NA
"892","Frydman2014","6",61.946,2.9765,39.843,NA
"893","Gloeckner2012","6",3.5574,0.030746,0.0075671,1.0294
"894","Kocher2011","6",231430,1.1551,0.21551,0.76863
"895","Lorains2014","6",10.99,1.5439,1.07,NA
"896","Pahlke2012","6",2.5221724719001,1.45260252297055,1.40295408369444,0.457876205314737
"897","Pighin2014","6",1.0427,1.1868,0.87952,NA
"898","Rieskamp2008","6",0.758054827076457,0.998766042023046,0.144071034362911,1.00305898724694
"899","Sokol_Hessner2014","6",0.94375,0.96446,8.9844,NA
"900","Tom2007","6",1.49509171437117,0.531821261168178,12.2062643312882,NA
"901","Vrecko2012","6",0.823219998,0.817026983,2.867333675,1.007035074
"902","Zeisberger2012","6",1.0336,0.8925,4.6749,0.68276
"903","Frydman2014","60",1.21891475961741,2.26484928864911,1.25359324772446,NA
"904","Gloeckner2012","60",3.0166,0.22274,0.0082087,1.042
"905","Sokol_Hessner2009A","60",2.064,1.079,0.95334,NA
"906","Sokol_Hessner2009R","60",1.8004,0.98273,0.709,NA
"907","Vrecko2012","60",3.7817e-13,11.511,7.2593,0.064012
"908","Zeisberger2012","60",1.6227,0.90763,3.3126,0.72756
"909","Frydman2014","61",1.49606476813892,0.834242273478425,2.42730741869238,NA
"910","Gloeckner2012","61",0.0058202,0.30791,0.0072389,2.0782
"911","Sokol_Hessner2009A","61",1.23264838892596,0.846427974081294,1.49594388837434,NA
"912","Sokol_Hessner2009R","61",1.20966132506314,0.775180976523957,1.57772665843744,NA
"913","Vrecko2012","61",2.360551937,0.955047487,3.646701034,0.873727279
"914","Zeisberger2012","61",0.88659,0.89727,2.1512,0.70683
"915","Frydman2014","62",1.95648633987472,0.945947940119519,2.40568138302324,NA
"916","Gloeckner2012","62",2.0655,0.21841,0.016576,0.8519
"917","Sokol_Hessner2009A","62",0.85574,1.0463,4.2987,NA
"918","Sokol_Hessner2009R","62",0.86788,0.99825,4.103,NA
"919","Vrecko2012","62",0.53167582,0.918405743,3.478816438,0.636285664
"920","Zeisberger2012","62",0.93601,0.69089,3.2506,0.77218
"921","Frydman2014","63",1.3449,4.3729,1.5907,NA
"922","Gloeckner2012","63",1.2196,0.72811,0.01637,0.88293
"923","Sokol_Hessner2009A","63",0.889371921510146,1.21129835672165,0.958928196126796,NA
"924","Sokol_Hessner2009R","63",0.645084568411751,0.99821697611909,1.25043455923912,NA
"925","Vrecko2012","63",0.080849,1.1284,5.3026,0.4138
"926","Zeisberger2012","63",0.783143223,0.974516126,1.400067258,0.992984546
"927","Frydman2014","64",1.8895,1.1138,1.7036,NA
"928","Gloeckner2012","64",2.7701,0.81803,0.01614,0.81415
"929","Sokol_Hessner2009A","64",1.53108457293102,0.921597815819474,1.04511298617492,NA
"930","Sokol_Hessner2009R","64",1.17108728837066,0.831284456407103,1.92196578922567,NA
"931","Vrecko2012","64",0.668628988,1.281355569,6.77852022,0.576061204
"932","Zeisberger2012","64",0.75495,1.0196,2.6129,0.80729
"933","Frydman2014","65",4.3511,1.5113,2.6845,NA
"934","Gloeckner2012","65",0.46089,0.56283,0.010908,0.72811
"935","Sokol_Hessner2009A","65",0.57507,0.97397,1.2591,NA
"936","Sokol_Hessner2009R","65",0.50357,1.0172,1.6987,NA
"937","Vrecko2012","65",0.4231,1.1542,5.0752,0.5138
"938","Zeisberger2012","65",0.73759,0.78994,3.2703,0.60035
"939","Frydman2014","66",1.30755772868283,1.07655747144438,2.80572939130079,NA
"940","Gloeckner2012","66",60.811,0.48676,0.011182,0.83957
"941","Sokol_Hessner2009A","66",2.14374025465994,0.714597914441631,3.38092807648861,NA
"942","Sokol_Hessner2009R","66",2.2056,0.94892,1.1632,NA
"943","Vrecko2012","66",1.0956,0.88175,2.6462,0.76946
"944","Zeisberger2012","66",1.0488,1.0233,0.73685,0.98107
"945","Frydman2014","67",1,29.462,0.44198,NA
"946","Sokol_Hessner2009A","67",1.66626066572544,0.807417027554463,0.924616034802031,NA
"947","Sokol_Hessner2009R","67",1.3813385007754,0.748508339805159,1.18645421393985,NA
"948","Vrecko2012","67",0.076809,1.0328,7.99,0.55207
"949","Zeisberger2012","67",1.0133,1.0047,0.98991,0.8935
"950","Frydman2014","68",1.16095231561056,0.777009309560257,2.69798697413653,NA
"951","Sokol_Hessner2009A","68",2.4914,0.7304,1.5776,NA
"952","Sokol_Hessner2009R","68",3.848,0.73085,1.1502,NA
"953","Vrecko2012","68",0.526535825,0.856451819,6.79215203,0.593626371
"954","Zeisberger2012","68",0.82785,1.0131,2.6446,0.97483
"955","Frydman2014","69",1.352,0.89322,1.6916,NA
"956","Vrecko2012","69",1.2997e-39,26.837,3.4087,0.012182
"957","Zeisberger2012","69",1.1611,0.98274,2.4071,1.0032
"958","Canessa2013","7",1.0399,0.72443,1.0538,NA
"959","Chib2014","7",2.07098526828361,1.03874221567907,0.687109239110462,NA
"960","Frydman2014","7",0.99995,5.3226,0.83311,NA
"961","Gloeckner2012","7",5.8321,0.66814,0.021231,0.72977
"962","Kocher2011","7",1.5506e-23,8.6846,0.29389,0.071592
"963","Lorains2014","7",1.0417,0.041635,2.8683e+61,NA
"964","Pighin2014","7",1.68002058765934,0.303676789763714,44.0145349454127,NA
"965","Rieskamp2008","7",0.40633,0.72725,0.14741,0.72753
"966","Sokol_Hessner2014","7",2.4949,1.3247,2.7874,NA
"967","Tom2007","7",1,4.4256e-06,2732400,NA
"968","Vrecko2012","7",89.42786592,172.2566789,2.311843738,198.7000069
"969","Zeisberger2012","7",1.045861687,1.041553184,3.490228591,0.590101597
"970","Frydman2014","70",2.624e-07,217.85,0.058962,NA
"971","Vrecko2012","70",0.96822,0.77798,3.028,0.55658
"972","Zeisberger2012","70",1.4056,0.92026,4.5242,0.91306
"973","Frydman2014","71",1.28688227097638,0.790951902933891,1.81015824867649,NA
"974","Vrecko2012","71",0.72875,1.0111,2.0281,0.96611
"975","Zeisberger2012","71",1.685280548,1.042320573,2.521850071,0.817288869
"976","Frydman2014","72",2.6265,7.2318,0.3739,NA
"977","Vrecko2012","72",0.612844609,1.103411096,2.434924974,0.671679603
"978","Zeisberger2012","72",0.61184,1.0684,3.8496,0.64132
"979","Frydman2014","73",1.1825,0.92005,1.4184,NA
"980","Vrecko2012","73",0.49759,0.85182,2.5769,0.63034
"981","Zeisberger2012","73",1.1147,0.97653,1.854,0.94241
"982","Frydman2014","74",1.0382,0.74862,2.1366,NA
"983","Vrecko2012","74",1.341209119,1.014373425,2.651415377,0.616838553
"984","Frydman2014","75",1.2746e+97,156.38,0.27268,NA
"985","Vrecko2012","75",3.33e-09,2.830689531,12.15187835,0.220244089
"986","Frydman2014","76",5.0082,1.7469,0.61293,NA
"987","Vrecko2012","76",0.443936417,1.10913005,8.378921853,0.57453552
"988","Frydman2014","77",0.70615228363655,0.890631777408923,1.27093653379195,NA
"989","Vrecko2012","77",0.046899,1.3717,5.1331,0.25548
"990","Frydman2014","78",1.46609078482325,0.760491629518891,1.48792822174106,NA
"991","Vrecko2012","78",1.0115,0.93678,2.8326,0.85971
"992","Frydman2014","79",1.17005455472348,0.779244054313397,1.61982862495814,NA
"993","Vrecko2012","79",0.321740443,1.200111207,4.477533802,0.36006706
"994","Canessa2013","8",1.4651,1.6682,0.1837,NA
"995","Chib2014","8",3.0121,1.3531,0.46351,NA
"996","Frydman2014","8",1.31550422484279,4.01163614361405,1.14424401898241,NA
"997","Gloeckner2012","8",2.4388,0.88918,0.014707,0.61945
"998","Kocher2011","8",3.64947597779712,1.42699239655594,0.861176648984782,2.40573919729244
"999","Lorains2014","8",1.4316,0.39353,70.697,NA
"1000","Pighin2014","8",2.76746673088641,1.18130183396322,0.455033347313688,NA
"1001","Rieskamp2008","8",1.122,0.91882,0.13234,0.86772
"1002","Sokol_Hessner2014","8",1.1614,0.60634,1.3125,NA
"1003","Tom2007","8",1.42722801254521,0.979728108341025,1.4427443212174,NA
"1004","Vrecko2012","8",0.169133592,0.865287732,5.697459226,0.704963071
"1005","Zeisberger2012","8",1.5787,0.96986,3.7437,0.86385
"1006","Frydman2014","80",1015924.83290748,0.723444639029779,1.52929878301504,NA
"1007","Vrecko2012","80",1,1,6.9405e-15,1
"1008","Frydman2014","81",1.52375610824039,0.853946822747263,4.89056353178507,NA
"1009","Vrecko2012","81",4413.158867,171.2497431,7.301250997,0.003460734
"1010","Frydman2014","82",1.7557,0.87274,2.8149,NA
"1011","Vrecko2012","82",0.260884045,0.999280219,2.469398084,0.688430006
"1012","Frydman2014","83",4.33825905116587,1.55865152036791,0.646220142539626,NA
"1013","Vrecko2012","83",0.004734,4.8749,7.5067,0.20654
"1014","Frydman2014","84",1,22.943,0.79073,NA
"1015","Vrecko2012","84",1,0.67464,2.1272,0.71529
"1016","Frydman2014","85",1.31269935219215,3.98366968016117,1.2138517661149,NA
"1017","Vrecko2012","85",1,1.0286,9.066,0.58017
"1018","Frydman2014","86",33.054,5.0468,0.57716,NA
"1019","Vrecko2012","86",0.12783,2.1488,5.589,0.21868
"1020","Frydman2014","87",1.28704892516655,2.67885507378329,2.38800154356839,NA
"1021","Sokol_Hessner2013A","87",1.7435,0.89113,2.0903,NA
"1022","Sokol_Hessner2013R","87",2.07047878362924,0.853802384905054,1.80720730193682,NA
"1023","Vrecko2012","87",1,1,6.9405e-15,1
"1024","Frydman2014","88",1131539.5232842,0.789207004823525,1.74753915247808,NA
"1025","Sokol_Hessner2013A","88",2.1503,0.85862,1.7917,NA
"1026","Sokol_Hessner2013R","88",1.8045,0.8356,2.0568,NA
"1027","Vrecko2012","88",0.000380645,7.170081577,3.74100108,8.538832016
"1028","Frydman2014","89",3.5631,4.4292,0.44483,NA
"1029","Sokol_Hessner2013A","89",1.10547467160164,0.848707408360119,2.33419152356455,NA
"1030","Sokol_Hessner2013R","89",1.09927303050896,0.939344876551719,2.04375368330877,NA
"1031","Vrecko2012","89",1.539804327,1.054643303,3.510417952,0.662498175
"1032","Canessa2013","9",1.48233069928053,0.813877460664034,0.643258105255651,NA
"1033","Chib2014","9",1,192.41,0.17647,NA
"1034","Frydman2014","9",1.21225506840935,1.18386294028416,3.59634128828269,NA
"1035","Gloeckner2012","9",0.04625,0.47282,0.0098628,0.88966
"1036","Kocher2011","9",-5.9522e-212,34.796,0.17011,0.13523
"1037","Lorains2014","9",1.0117,0.0079927,6.2757e+307,NA
"1038","Rieskamp2008","9",1.354,0.82392,0.16777,0.64905
"1039","Sokol_Hessner2014","9",1.23917196530359,0.829698313925185,1.36715229140013,NA
"1040","Tom2007","9",1.0001,0.00011062,99425,NA
"1041","Vrecko2012","9",3.9838e-44,30.263,4.8059,0.022807
"1042","Zeisberger2012","9",0.989241203,0.996970335,1.172551191,0.946971144
"1043","Frydman2014","90",0.91662,1.898,0.98497,NA
"1044","Vrecko2012","90",0.26873,1.1748,4.4706,0.70816
"1045","Vrecko2012","91",0.44012,1.0788,2.2367,1.0795
"1046","Sokol_Hessner2013A","92",3.1504,0.95244,2.2231,NA
"1047","Sokol_Hessner2013R","92",3.1925,0.93825,1.2033,NA
"1048","Vrecko2012","92",5.2407,1.5085,8.14,0.47052
"1049","Sokol_Hessner2013A","93",1.12494507716527,1.02504071222607,2.55611796438632,NA
"1050","Sokol_Hessner2013R","93",1.0145,1.036,1.7998,NA
"1051","Vrecko2012","93",0.000276641,7.459210516,6.159696934,0.089134201
"1052","Sokol_Hessner2013A","94",207.979601009961,20.4448338951064,0.314019516061692,NA
"1053","Sokol_Hessner2013R","94",1.0367,1.5787,1.1296,NA
"1054","Vrecko2012","94",0.38111,1.0856,5.118,0.72582
"1055","Vrecko2012","95",1,1.0226,2.779,0.66715
"1056","Vrecko2012","96",0.004420727,4.938032004,2.722613161,5.448013075
"1057","Sokol_Hessner2013A","97",7.73416761833447,2.95745620421732,0.357838396207266,NA
"1058","Sokol_Hessner2013R","97",2.1164,2.5785,0.52733,NA
"1059","Vrecko2012","97",0.90707,0.9044,4.248,0.54731
"1060","Vrecko2012","98",0.41324,1.1946,6.0809,0.53207
"1061","Sokol_Hessner2013A","99",0.60285,0.8157,0.80225,NA
"1062","Sokol_Hessner2013R","99",0.77268385405271,0.742574061517506,1.89256751562554,NA
"1063","Vrecko2012","99",0.21596,1.5466,6.8696,0.55814
"1064","Brooks2014","9941955",3.40357196377987,0.669568886667946,-1.16697885164124,NA
